{
  "auc_test": 0.6735714285714286,
  "auc_cv_mean": 0.6970662507427213,
  "auc_cv_std": 0.08247501201913501,
  "kept_features_backward": [
    "age",
    "glycemie",
    "temp_ext"
  ],
  "n_train": 243,
  "n_test": 81,
  "report": {
    "0": {
      "precision": 0.7560975609756098,
      "recall": 0.5535714285714286,
      "f1-score": 0.6391752577319587,
      "support": 56.0
    },
    "1": {
      "precision": 0.375,
      "recall": 0.6,
      "f1-score": 0.46153846153846156,
      "support": 25.0
    },
    "accuracy": 0.5679012345679012,
    "macro avg": {
      "precision": 0.5655487804878049,
      "recall": 0.5767857142857142,
      "f1-score": 0.5503568596352102,
      "support": 81.0
    },
    "weighted avg": {
      "precision": 0.638474856970792,
      "recall": 0.5679012345679012,
      "f1-score": 0.5843490860672992,
      "support": 81.0
    }
  }
}