{
  "logistic": {
    "auc_test": 0.7679045092838197
  },
  "xgboost": {
    "auc_test": 0.7559681697612732,
    "auc_cv_mean": 0.7127773109243698,
    "auc_cv_std": 0.04888578965438562
  }
}